month,vehicle_model,demand_units,seasonal_naive_forecast,moving_average_3m_forecast,seasonal_naive_error_units,seasonal_naive_absolute_error,seasonal_naive_ape,moving_average_error_units,moving_average_absolute_error,moving_average_ape
2026-01-01,EV,612,611.0,719.6666666666666,1.0,1.0,0.16339869281045752,-107.66666666666663,107.66666666666663,17.592592592592588
2026-02-01,EV,636,643.0,695.6666666666666,-7.0,7.0,1.10062893081761,-59.66666666666663,59.66666666666663,9.381551362683432
2026-03-01,EV,703,709.0,668.3333333333334,-6.0,6.0,0.8534850640113799,34.66666666666663,34.66666666666663,4.9312470365101895
2026-04-01,EV,730,708.0,650.3333333333334,22.0,22.0,3.0136986301369864,79.66666666666663,79.66666666666663,10.913242009132414
2026-05-01,EV,704,698.0,689.6666666666666,6.0,6.0,0.8522727272727272,14.333333333333371,14.333333333333371,2.035984848484854
2026-06-01,EV,722,754.0,712.3333333333334,-32.0,32.0,4.43213296398892,9.666666666666629,9.666666666666629,1.3388734995383142
2026-07-01,EV,713,683.0,718.6666666666666,30.0,30.0,4.207573632538569,-5.666666666666629,5.666666666666629,0.7947639083683912
2026-08-01,EV,679,757.0,713.0,-78.0,78.0,11.487481590574374,-34.0,34.0,5.007363770250368
2026-09-01,EV,742,682.0,704.6666666666666,60.0,60.0,8.086253369272237,37.33333333333337,37.33333333333337,5.031446540880508
2026-10-01,EV,668,684.0,711.3333333333334,-16.0,16.0,2.3952095808383236,-43.33333333333337,43.33333333333337,6.487025948103799
2026-11-01,EV,669,718.0,696.3333333333334,-49.0,49.0,7.324364723467862,-27.33333333333337,27.33333333333337,4.085700049825617
2026-12-01,EV,763,757.0,693.0,6.0,6.0,0.7863695937090431,70.0,70.0,9.174311926605505
2026-01-01,Pickup,734,745.0,867.3333333333334,-11.0,11.0,1.4986376021798364,-133.33333333333337,133.33333333333337,18.16530426884651
2026-02-01,Pickup,776,752.0,836.3333333333334,24.0,24.0,3.0927835051546393,-60.33333333333337,60.33333333333337,7.774914089347083
2026-03-01,Pickup,900,800.0,804.6666666666666,100.0,100.0,11.11111111111111,95.33333333333337,95.33333333333337,10.592592592592597
2026-04-01,Pickup,857,819.0,803.3333333333334,38.0,38.0,4.434072345390899,53.66666666666663,53.66666666666663,6.26215480357837
2026-05-01,Pickup,886,918.0,844.3333333333334,-32.0,32.0,3.611738148984198,41.66666666666663,41.66666666666663,4.702784048156505
2026-06-01,Pickup,915,916.0,881.0,-1.0,1.0,0.1092896174863388,34.0,34.0,3.715846994535519
2026-07-01,Pickup,871,884.0,886.0,-13.0,13.0,1.4925373134328357,-15.0,15.0,1.7221584385763489
2026-08-01,Pickup,856,868.0,890.6666666666666,-12.0,12.0,1.4018691588785046,-34.66666666666663,34.66666666666663,4.04984423676012
2026-09-01,Pickup,851,855.0,880.6666666666666,-4.0,4.0,0.4700352526439483,-29.66666666666663,29.66666666666663,3.4860947904426123
2026-10-01,Pickup,823,827.0,859.3333333333334,-4.0,4.0,0.48602673147023084,-36.33333333333337,36.33333333333337,4.414742810854602
2026-11-01,Pickup,834,871.0,843.3333333333334,-37.0,37.0,4.436450839328537,-9.333333333333371,9.333333333333371,1.119104716227023
2026-12-01,Pickup,940,904.0,836.0,36.0,36.0,3.829787234042553,104.0,104.0,11.063829787234042
2026-01-01,SUV,882,847.0,1040.3333333333333,35.0,35.0,3.968253968253968,-158.33333333333326,158.33333333333326,17.951625094482228
2026-02-01,SUV,894,894.0,1000.3333333333334,0.0,0.0,0.0,-106.33333333333337,106.33333333333337,11.89410887397465
2026-03-01,SUV,993,1004.0,954.6666666666666,-11.0,11.0,1.1077542799597182,38.33333333333337,38.33333333333337,3.8603558241020512
2026-04-01,SUV,1027,1007.0,923.0,20.0,20.0,1.9474196689386565,104.0,104.0,10.126582278481013
2026-05-01,SUV,1012,1063.0,971.3333333333334,-51.0,51.0,5.0395256916996045,40.66666666666663,40.66666666666663,4.018445322793145
2026-06-01,SUV,1047,1051.0,1010.6666666666666,-4.0,4.0,0.38204393505253104,36.33333333333337,36.33333333333337,3.470232410060494
2026-07-01,SUV,1007,1033.0,1028.6666666666667,-26.0,26.0,2.5819265143992056,-21.666666666666742,21.666666666666742,2.1516054286660125
2026-08-01,SUV,997,1043.0,1022.0,-46.0,46.0,4.613841524573721,-25.0,25.0,2.507522567703109
2026-09-01,SUV,981,990.0,1017.0,-9.0,9.0,0.9174311926605505,-36.0,36.0,3.669724770642202
2026-10-01,SUV,959,1002.0,995.0,-43.0,43.0,4.483837330552659,-36.0,36.0,3.7539103232533892
2026-11-01,SUV,1049,1031.0,979.0,18.0,18.0,1.7159199237368923,70.0,70.0,6.67302192564347
2026-12-01,SUV,1098,1088.0,996.3333333333334,10.0,10.0,0.9107468123861567,101.66666666666663,101.66666666666663,9.259259259259256
2026-01-01,Sedan,537,517.0,595.6666666666666,20.0,20.0,3.7243947858473,-58.66666666666663,58.66666666666663,10.924891371818738
2026-02-01,Sedan,520,541.0,592.3333333333334,-21.0,21.0,4.038461538461538,-72.33333333333337,72.33333333333337,13.910256410256416
2026-03-01,Sedan,556,596.0,567.0,-40.0,40.0,7.194244604316546,-11.0,11.0,1.9784172661870503
2026-04-01,Sedan,590,558.0,537.6666666666666,32.0,32.0,5.423728813559322,52.33333333333337,52.33333333333337,8.870056497175147
2026-05-01,Sedan,609,611.0,555.3333333333334,-2.0,2.0,0.3284072249589491,53.66666666666663,53.66666666666663,8.812260536398462
2026-06-01,Sedan,582,610.0,585.0,-28.0,28.0,4.810996563573884,-3.0,3.0,0.5154639175257731
2026-07-01,Sedan,601,636.0,593.6666666666666,-35.0,35.0,5.823627287853577,7.333333333333371,7.333333333333371,1.2201885745978989
2026-08-01,Sedan,583,596.0,597.3333333333334,-13.0,13.0,2.2298456260720414,-14.333333333333371,14.333333333333371,2.458547741566616
2026-09-01,Sedan,596,559.0,588.6666666666666,37.0,37.0,6.208053691275168,7.333333333333371,7.333333333333371,1.230425055928418
2026-10-01,Sedan,573,547.0,593.3333333333334,26.0,26.0,4.537521815008725,-20.33333333333337,20.33333333333337,3.548574752763241
2026-11-01,Sedan,566,596.0,584.0,-30.0,30.0,5.30035335689046,-18.0,18.0,3.180212014134275
2026-12-01,Sedan,636,644.0,578.3333333333334,-8.0,8.0,1.257861635220126,57.66666666666663,57.66666666666663,9.0670859538784
