observation_date,vehicle_sales_saar_millions,domestic_auto_inventory_thousands,dealer_sales_millions_usd,dealer_inventory_millions_usd,inventory_to_sales_ratio,sales_mom_pct,inventory_mom_pct,sales_yoy_pct,inventory_yoy_pct,inventory_growth_gap,inventory_pressure_level
2000-01-01,18.635,1370.1,65942,115126,1.7458675806011343,,,,,,Normal
2000-02-01,19.401,1306.4,67906,114386,1.684475598621624,2.9783749355494216,-0.6427740041346053,,,,Normal
2000-03-01,18.343,1305.2,67329,114165,1.695628926614089,-0.8497040025918223,-0.19320546220691348,,,,Normal
2000-04-01,17.939,1321.4,63981,116838,1.8261358840905895,-4.972597246357435,2.3413480488766236,,,,Normal
2000-05-01,17.943,1322.8,65410,118152,1.8063293074453448,2.233475563057774,1.1246341087659761,,,,Normal
2000-06-01,17.596,1346.7,65742,120981,1.8402391165465,0.5075676502063864,2.3943733495835895,,,,Normal
2000-07-01,17.316,1367.1,63451,120905,1.9054861231501474,-3.4848346566882626,-0.06281978161860602,,,,Normal
2000-08-01,17.531,1381.8,64451,123584,1.9174877038370235,1.576019290476105,2.215789256027456,,,,Normal
2000-09-01,18.654,1411.1,64735,123734,1.9113926006024562,0.4406448309568489,0.12137493526669374,,,,Normal
2000-10-01,17.514,1412.8,65020,124869,1.9204706244232543,0.44025643006102566,0.9172903163237267,,,,Normal
2000-11-01,16.634,1416.5,62945,125076,1.9870680753038368,-3.191325745924334,0.16577373086994474,,,,Normal
2000-12-01,16.222,1397.2,61456,126457,2.057683545951575,-2.365557232504567,1.1041286897566227,,,,Normal
2001-01-01,17.652,1348.0,65034,125955,1.936756158317188,5.822051549075757,-0.3969728840633624,-1.376967638227533,9.406215798342688,10.783183436570221,Normal
2001-02-01,17.826,1256.4,65022,123319,1.896573467441789,-0.01845188670541731,-2.0928109245365367,-4.247047389037784,7.809522144318359,12.056569533356143,Normal
2001-03-01,17.248,1234.2,64187,122683,1.9113371866577344,-1.2841807388268567,-0.515735612517132,-4.666636961784665,7.46113081942803,12.127767781212695,Normal
2001-04-01,16.872,1179.9,65645,122822,1.8710031228577957,2.271487996011645,0.11330013123251881,2.6007721042184295,5.121621390301101,2.5208492860826714,Normal
2001-05-01,16.876,1164.2,66514,122981,1.8489490934239408,1.3237870363317805,0.12945563498396595,1.6878153187585898,4.087108131897899,2.3992928131393088,Normal
2001-06-01,17.464,1152.9,65467,122636,1.8732491178761819,-1.5741046997624575,-0.2805311389564191,-0.41830184661251213,1.3679834023524462,1.7862852489649583,Normal
2001-07-01,16.463,1122.9,64850,124567,1.9208481110254434,-0.9424595597782082,1.5745784272154895,2.2048509873760835,3.0288242835283974,0.8239732961523138,Normal
2001-08-01,16.348,1145.3,65340,126124,1.930272421181512,0.7555898226677016,1.2499297566771261,1.3793424461994386,2.0552822371828094,0.6759397909833709,Normal
2001-09-01,16.365,1121.5,61603,127256,2.0657435514504163,-5.719314355677996,0.8975294154958569,-4.838186452460025,2.8464286291560947,7.68461508161612,Normal
2001-10-01,22.055,925.1,79627,115960,1.4562899519007373,29.258315341785313,-8.876595209656124,22.465395262996,-7.134677141644441,-29.600072404640443,Normal
2001-11-01,18.031,898.7,70538,114334,1.620885196631603,-11.414469966217489,-1.4022076578130371,12.06291206608945,-8.588378266014264,-20.651290332103713,Normal
2001-12-01,16.465,976.9,66255,116872,1.763972530375066,-6.071904505372993,2.2198121293753426,7.808838844051036,-7.579651581169888,-15.388490425220924,Normal
2002-01-01,16.523,1031.4,66543,118486,1.7805930000150278,0.43468417477925403,1.3809980149223078,2.3203247532060045,-5.929895597634072,-8.250220350840078,Normal
2002-02-01,17.304,1086.4,66936,120418,1.799002031791562,0.5905955547540698,1.6305723882990453,2.9436190827719866,-2.352435553321064,-5.29605463609305,Normal
2002-03-01,17.107,1107.9,65157,120300,1.8463096827662415,-2.6577626389386877,-0.09799199455230445,1.5112094349323035,-1.9424044081087,-3.4536138430410035,Normal
2002-04-01,17.668,1112.5,66609,119625,1.7959284781335856,2.2284635572540124,-0.5610972568578565,1.4685048366212206,-2.602953868199509,-4.07145870482073,Normal
2002-05-01,16.197,1143.7,64254,122551,1.9072898185326983,-3.535558257893079,2.445977011494249,-3.3977809183029173,-0.3496475065253968,3.0481334117775205,Normal
2002-06-01,16.953,1172.6,65997,124025,1.8792520872160856,2.7126715846484295,1.2027645633246653,0.8095681793880871,1.1326201115496204,0.3230519321615333,Normal
2002-07-01,18.147,1188.6,69154,125398,1.8133152095323481,4.783550767459133,1.107034872001611,6.636854279105631,0.6671108720608165,-5.969743407044814,Normal
2002-08-01,18.449,1166.9,70550,125111,1.7733664068036854,2.018682939526273,-0.2288712738640175,7.973676155494336,-0.8031778249976251,-8.77685398049196,Normal
2002-09-01,16.665,1194.8,66115,128110,1.9376843378960902,-6.2863217576187065,2.3970714005962623,7.324318620846393,0.671088200163461,-6.653230420682932,Normal
2002-10-01,16.259,1211.3,66437,130676,1.966916025708566,0.48703017469560184,2.002966200921086,-16.564733067929215,12.690582959641251,29.255316027570466,Normal
2002-11-01,16.52,1257.9,65339,131915,2.0189320314054395,-1.6526935292081268,0.9481465609599393,-7.370495335847349,15.376878268931371,22.74737360477872,Normal
2002-12-01,17.866,1229.8,68362,132432,1.9372165823118106,4.626639526163556,0.39191903877497936,3.1801373481246786,13.313710726264638,10.13357337813996,Normal
2003-01-01,16.708,1231.8,68304,134216,1.9649800890138205,-0.08484245633538778,1.3471064395312204,2.6464090888598246,13.275830055871584,10.62942096701176,Normal
2003-02-01,16.114,1244.0,65267,136573,2.092527617325754,-4.446298899039592,1.756124456100605,-2.493426556710887,13.41576840671661,15.909194963427497,Normal
2003-03-01,16.467,1243.8,66319,138758,2.0922812467015484,1.611840593255387,1.5998769888631026,1.7833847476096176,15.343308395677479,13.559923648067862,Normal
2003-04-01,16.751,1245.7,68420,139250,2.035223618824905,3.1680212307181987,0.3545741506796096,2.718851806812883,16.405433646812952,13.68658184000007,Normal
2003-05-01,16.47,1265.3,68182,139723,2.0492652019594613,-0.3478515054077702,0.33967684021543043,6.11323808634483,14.012125564050892,7.8988874777060625,Normal
2003-06-01,17.013,1275.6,69935,140098,2.0032601701580037,2.5710598105071814,0.26838816801815213,5.966937891116264,12.959483975005037,6.992546083888773,Normal
2003-07-01,17.117,1287.8,70221,138782,1.9763603480440324,0.4089511689425951,-0.9393424602778033,1.5429331636637178,10.673216478731717,9.130283315067999,Normal
2003-08-01,18.262,1253.5,70445,136092,1.9318901270494713,0.3189928938636566,-1.9382917092994778,-0.14883061658398367,8.777006018655431,8.925836635239415,Normal
2003-09-01,17.286,1259.9,69769,138197,1.9807794292594132,-0.959613883171273,1.5467477882608716,5.526733721545796,7.873702287097029,2.346968565551233,Normal
2003-10-01,16.489,1275.5,68528,139633,2.0376050665421435,-1.7787269417649632,1.0390963624391292,3.1473425952406098,6.8543573418225145,3.7070147465819048,Normal
2003-11-01,17.563,1250.3,68896,142279,2.0651271481653506,0.5370067709549398,1.8949675220041096,5.443915578750813,7.85657430921427,2.4126587304634572,Normal
2003-12-01,17.357,1227.1,69008,142733,2.0683543936934847,0.16256386437529802,0.3190913627450387,0.9449694274596965,7.7783315210825155,6.833362093622819,Normal
2004-01-01,16.695,1243.1,67344,143763,2.134755880256593,-2.4113146301877997,0.7216270939446323,-1.4054813773717534,7.11316087500744,8.518642252379195,Normal
2004-02-01,17.032,1245.4,69468,146302,2.1060344331202856,3.1539558089807462,1.766101152591415,6.4366371979714065,7.123662803043063,0.6870256050716561,Normal
2004-03-01,17.247,1228.0,70791,148146,2.092723651311607,1.904474002418377,1.2604065563013522,6.743165608649115,6.765736029634328,0.02257042098521289,Normal
2004-04-01,16.898,1257.3,68882,150835,2.1897592985104963,-2.6966704807108277,1.8151013189691145,0.6752411575562611,8.319569120287262,7.644327962731001,Elevated
2004-05-01,18.186,1238.8,70774,151398,2.1391754033967274,2.7467262855317864,0.3732555441376295,3.801589862427024,8.355818297631746,4.554228435204722,Elevated
2004-06-01,16.173,1231.6,68948,153454,2.225648314671927,-2.580043518806341,1.3580100133423256,-1.411310502609564,9.533326671330066,10.944637173939629,Elevated
2004-07-01,17.309,1214.7,69896,155973,2.231501087329747,1.3749492371062155,1.641534270856404,-0.4628245111861107,12.387053076047327,12.849877587233436,Elevated
2004-08-01,17.157,1218.8,69618,157758,2.2660518831336725,-0.39773377589561454,1.144428843453671,-1.1739655050039044,15.92011286482673,17.094078369830633,Elevated
2004-09-01,17.875,1220.6,73296,154824,2.1123117223313685,5.2831164354046445,-1.859810595976119,5.055253765999224,12.031375500191754,6.97612173419253,Normal
2004-10-01,17.514,1222.4,71267,153254,2.1504202506068726,-2.7682274612530033,-1.0140546685268426,3.9969063740368904,9.754857376121695,5.757951002084805,Elevated
2004-11-01,17.362,1182.8,71800,153031,2.131350974930362,0.7478917310957289,-0.14551006825270774,4.215048769159302,7.556983110648785,3.341934341489483,Normal
2004-12-01,18.102,1144.8,73938,150661,2.037666693716357,2.977715877437337,-1.5487058177754864,7.144099234871315,5.554426796886491,-1.5896724379848237,Normal
2005-01-01,16.889,1137.9,70376,150476,2.1381721041264066,-4.817549839054347,-0.12279222891126151,4.50225706818721,4.669490759096573,0.16723369090936302,Normal
2005-02-01,16.886,1154.1,72045,151039,2.096453605385523,2.371547118335804,0.37414604322283385,3.7096216963206086,3.237823132971518,-0.47179856334909065,Normal
2005-03-01,17.413,1117.9,72627,150798,2.0763352472221075,0.8078284405579783,-0.15956143777434706,2.5935500275458656,1.7901259568263717,-0.803424070719494,Normal
2005-04-01,17.756,1073.2,71891,151398,2.105938156375624,-1.0133972214190323,0.39788326105121286,4.368340059812437,0.3732555441376295,-3.995084515674807,Normal
2005-05-01,17.414,1049.6,71721,151073,2.1063984049302156,-0.2364690990527274,-0.2146659797355288,1.3380620001695487,-0.2146659797355288,-1.5527279799050775,Normal
2005-06-01,18.482,1062.6,78384,145271,1.8533246580934886,9.29016606014974,-3.840527427137874,13.685676161745075,-5.332542651217953,-19.018218812963028,Normal
2005-07-01,21.135,1016.2,80130,137726,1.718781979283664,2.2274954072259545,-5.193741352369019,14.641753462286822,-11.698819667506555,-26.340573129793377,Normal
2005-08-01,17.418,993.9,72120,137855,1.9114669994453688,-9.99625608386372,0.09366423188068573,3.5938981297940265,-12.616158926964083,-16.21005705675811,Normal
2005-09-01,16.927,959.2,69276,141042,2.0359431837865927,-3.9434276206322783,2.311849406985611,-5.484610347085795,-8.901720663463031,-3.4171103163772365,Normal
2005-10-01,15.336,979.4,66411,144310,2.172983391305657,-4.135631387493499,2.3170403142326323,-6.81381284465461,-5.83606300651206,0.9777498381425502,Elevated
2005-11-01,16.524,1004.5,71647,146901,2.0503440479015174,7.8842360452334725,1.7954403714226297,-0.21309192200557048,-4.005724330364435,-3.7926324083588647,Normal
2005-12-01,17.174,1012.2,71640,149698,2.0895868230039083,-0.009770122963981276,1.9040033764235798,-3.108009413292223,-0.6391833321164775,2.4688260811757456,Normal
2006-01-01,18.081,992.5,75195,150927,2.0071414322760823,4.962311557788945,0.8209862523213429,6.8475048311924525,0.29971556926020604,-6.547789261932246,Normal
2006-02-01,17.071,1006.8,72460,150359,2.075062103229368,-3.6372099208723974,-0.3763408800280921,0.5760288708446026,-0.4502148451724364,-1.026243716017039,Normal
2006-03-01,16.96,1044.3,73146,152408,2.0836135947283516,0.9467292299199626,1.3627385124934221,0.7146102689082667,1.0676534171540686,0.35304314824580185,Normal
2006-04-01,17.127,1059.9,73245,152582,2.083172912826814,0.1353457468624475,0.11416723531572082,1.8834068242199908,0.7820446769442047,-1.1013621472757862,Normal
2006-05-01,16.729,1075.6,72425,156691,2.163493268898861,-1.119530343368147,2.692978201884899,0.9815814057249517,3.718732003733294,2.737150598008342,Elevated
2006-06-01,16.9,1075.2,74060,157866,2.131596003240616,2.2575077666551646,0.7498835287285122,-5.5164319248826255,8.670002959985123,14.186434884867747,Normal
2006-07-01,17.662,1028.0,74717,156493,2.094476491293815,0.8871185525249903,-0.8697249566087639,-6.755272681891922,13.626330540348231,20.38160322224015,Normal
2006-08-01,16.458,1042.0,73670,154849,2.1019275145921,-1.401287524927397,-1.0505262216201405,2.149195784803104,12.327445504334268,10.178249719531163,Normal
2006-09-01,16.974,1072.4,72915,153426,2.10417609545361,-1.0248405049545273,-0.9189597607992317,5.252901437727342,8.780363296039484,3.527461858312142,Normal
2006-10-01,16.865,1076.6,74135,152354,2.055088689552843,1.6731811012823172,-0.6987081720177812,11.63060336390056,5.574111288199024,-6.056492075701536,Normal
2006-11-01,16.657,1093.0,74637,149495,2.0029609978964857,0.6771430498414999,-1.8765506648988572,4.173238237469823,1.7658150727360544,-2.4074231647337685,Normal
2006-12-01,17.107,1105.5,73748,151197,2.0501844117806582,-1.1910982488578026,1.1384996153717575,2.9424902289223898,1.0013493834252873,-1.9411408454971024,Normal
2007-01-01,16.896,1112.2,73791,151276,2.050060305457305,0.0583066659434861,0.0522497139493483,-1.8671454219030492,0.2312376181862863,2.0983830400893355,Normal
2007-02-01,17.169,1084.9,74304,150293,2.0226771102497847,0.695206732528364,-0.649805653243074,2.54485233232129,-0.04389494476553235,-2.5887472770868225,Normal
2007-03-01,16.438,1087.8,73755,148921,2.0191309063792287,-0.7388565891472854,-0.9128835008949232,0.8325814125174302,-2.2879376410687158,-3.120519053586146,Normal
2007-04-01,16.615,1082.7,74584,150672,2.0201651828810467,1.1239915937902412,1.1757911913027774,1.828111133865784,-1.25178592494527,-3.079897058811054,Normal
2007-05-01,16.661,1057.0,75594,150569,1.9918115194327592,1.3541778397511584,-0.0683604120208181,4.3755609250949234,-3.907052734362537,-8.28261365945746,Normal
2007-06-01,16.179,1068.6,73046,152679,2.090176053445774,-3.370637881313332,1.4013508756782533,-1.369160140426684,-3.285697997035464,-1.9165378566087798,Normal
2007-07-01,15.837,1108.5,73679,154359,2.095020290720558,0.8665772253100723,1.1003477884974355,-1.3892420734237243,-1.3636392682100817,0.025602805213642554,Normal
2007-08-01,16.379,1096.3,75021,156063,2.08025752789219,1.8214145143120808,1.1039200824052964,1.8338536717795506,0.783989564026899,-1.0498641077526516,Normal
2007-09-01,16.532,1070.6,75604,157024,2.076927146711814,0.7771157409258711,0.6157769618679643,3.687855722416522,2.3451044803358023,-1.3427512420807197,Normal
2007-10-01,16.455,1058.6,76240,154777,2.0301285414480588,0.841225331993023,-1.4309914407988567,2.839414581506716,1.5903750475865452,-1.249039533920171,Normal
2007-11-01,16.354,1021.8,74181,155416,2.0950917350804112,-2.700682056663173,0.4128520387395973,-0.6109570320350532,3.960667580855537,4.57162461289059,Normal
2007-12-01,16.03,985.3,71610,154226,2.153693618209747,-3.4658470497836324,-0.7656869305605607,-2.8990616694690052,2.003346627247904,4.902408296716909,Elevated
2008-01-01,15.705,954.1,72256,154195,2.1340096324180693,0.9021086440441195,-0.020100372181086623,-2.0801994823216874,1.929585658002586,4.009785140324274,Normal
2008-02-01,15.491,949.2,70501,154807,2.195812825349995,-2.4288640389725447,0.39690002918382206,-5.118163221360894,3.003466561982271,8.121629783343165,Elevated
2008-03-01,15.114,947.3,70077,154169,2.1999942919930935,-0.601409909079309,-0.4121260666507309,-4.986780557250359,3.524016089067361,8.51079664631772,Elevated
2008-04-01,14.605,946.9,68354,153612,2.2473008163384733,-2.4587239750560097,-0.3612918290966438,-8.352997962029384,1.951258362535846,10.30425632456523,Elevated
2008-05-01,14.697,908.0,67421,152767,2.2658667180848697,-1.3649530385932085,-0.5500872327682704,-10.811704632642805,1.4597958411094014,12.271500473752205,Elevated
2008-06-01,14.377,908.5,65644,152055,2.316357930656267,-2.6356773112235055,-0.4660692427029378,-10.133340634668563,-0.40870060715618717,9.724640027512375,High
2008-07-01,13.006,976.2,63303,153072,2.4180844509738875,-3.5662055938090353,0.6688369340041467,-14.082710134502364,-0.833770625619501,13.248939508882863,High
2008-08-01,14.119,1010.9,63417,151020,2.3813803869624866,0.1800862518364088,-1.3405456255879633,-15.467669052665256,-3.231387324349777,12.236281728315479,High
2008-09-01,12.961,1046.6,60951,149070,2.4457350986858297,-3.8885472349685424,-1.2912197059992025,-19.38124966932967,-5.065467699205217,14.315781970124451,High
2008-10-01,10.933,1132.1,55550,147599,2.657047704770477,-8.861216386933767,-0.9867847320050971,-27.137985309548796,-4.637639959425499,22.500345350123297,High
2008-11-01,10.526,1196.5,53545,145733,2.721692034737137,-3.6093609360936085,-1.2642362075623859,-27.818444075976323,-6.230375250939413,21.58806882503691,High
2008-12-01,10.383,1215.5,52682,142475,2.704434152082305,-1.6117284527033315,-2.235595232377019,-26.432062561094817,-7.619337854836406,18.81272470625841,High
2009-01-01,9.786,1122.3,54269,135881,2.5038419723967644,3.0124141072852106,-4.628180382523251,-24.893434455270146,-11.877168520380044,13.016265934890102,High
2009-02-01,9.223,1053.8,52725,132153,2.5064580369843528,-2.8450865134791448,-2.74357710055122,-25.21382675423044,-14.633705194209568,10.58012156002087,High
2009-03-01,9.748,1034.6,51714,128671,2.488127006226554,-1.9174964438122388,-2.6348247864217966,-26.204032706879577,-16.53899292335035,9.665039783529227,High
2009-04-01,9.379,1009.6,52245,125079,2.3940855584266436,1.026801253045595,-2.7916158264099877,-23.56701875530327,-18.57472072494336,4.992298030359908,High
2009-05-01,10.176,960.1,52606,120089,2.282800441014333,0.6909752129390379,-3.9894786494935164,-21.97386570949704,-21.390745383492504,0.5831203260045363,High
2009-06-01,10.149,904.9,55070,115608,2.099291810423098,4.683876363912853,-3.7313992122509188,-16.108098226799093,-23.969616257275327,-7.861518030476233,Normal
2009-07-01,11.566,823.9,56711,110607,1.9503623635626246,2.979843835118934,-4.32582520240814,-10.413408527241996,-27.74184697397303,-17.328438446731035,Normal
2009-08-01,14.754,664.5,60797,102337,1.683257397568959,7.204951420359373,-7.476922798737872,-4.131384329123112,-32.2361276652099,-28.104743336086788,Normal
2009-09-01,9.535,717.2,52078,106192,2.0390952033488228,-14.341168149744233,3.766966004475414,-14.557595445521809,-28.763668075400815,-14.206072629879007,Normal
2009-10-01,10.576,742.2,55253,108396,1.9618120283061553,6.096624294327735,2.0754859123097713,-0.5346534653465351,-26.56047805201932,-26.025824586672783,Normal
2009-11-01,11.041,748.9,55915,110326,1.973102029866762,1.1981249886883871,1.7805085058489212,4.4261835839013886,-24.29580122552888,-28.721984809430268,Normal
2009-12-01,11.284,733.2,55666,110109,1.9780296770021197,-0.4453187874452258,-0.196689810198869,5.664173721574728,-22.71696788910336,-28.381141610678085,Normal
2010-01-01,10.893,743.0,55446,111119,2.0040940735129675,-0.3952143139438813,0.917272884142073,2.168825664744145,-18.223298327212778,-20.39212399195692,Normal
2010-02-01,10.315,784.9,54389,113833,2.0929415874533452,-1.906359340619701,2.4424265877122764,3.1559981033665307,-13.862719726377758,-17.01871782974429,Normal
2010-03-01,11.772,779.5,59438,113191,1.9043541168949156,9.28312710290684,-0.5639840819446018,14.935994121514472,-12.030682904461765,-26.96667702597624,Normal
2010-04-01,11.454,784.5,60347,112543,1.8649311481929507,1.5293246744506828,-0.5724836780309439,15.50770408651545,-10.022465801613379,-25.530169888128828,Normal
2010-05-01,12.03,805.3,60122,113092,1.8810418815076013,-0.3728437204832069,0.4878135468221023,14.28734364901343,-5.826512003597328,-20.11385565261076,Normal
2010-06-01,11.598,808.8,60012,116641,1.943627941078451,-0.1829613119989304,3.13815300817033,8.97403304884692,0.8935367794616234,-8.080496269385296,Normal
2010-07-01,11.948,814.6,61258,118978,1.9422442782983447,2.07625141638339,2.003583645544871,8.017844862548706,7.568237091684971,-0.4496077708637358,Normal
2010-08-01,12.014,830.1,61109,122177,1.9993290677314308,-0.24323353684416738,2.688732370690383,0.5131832162771133,19.386927504226236,18.873744287949123,Normal
2010-09-01,11.922,842.1,61817,124173,2.0087192843392594,1.1585854784074368,1.633695376380162,18.700794961404043,16.932537290944705,-1.768257670459338,Normal
2010-10-01,12.414,841.6,63414,124486,1.9630680922193837,2.5834317420774244,0.2520676797693522,14.770238720069507,14.843721170522905,0.07348245045339752,Normal
2010-11-01,12.3,843.9,63792,123998,1.9437860546777026,0.5960828839057575,-0.39201195315136106,14.087454171510338,12.392364447183791,-1.6950897243265466,Normal
2010-12-01,12.605,796.7,63811,123147,1.929871025371801,0.029784298971646805,-0.686301391957933,14.631911759422266,11.840993924202392,-2.790917835219874,Normal
2011-01-01,12.806,794.6,64723,123207,1.903604591876149,1.4292206672830599,0.04872225876391134,16.73159470475778,10.878427631638154,-5.853167073119625,Normal
2011-02-01,13.081,766.7,65764,122315,1.8599081564381728,1.6083926888432298,-0.7239848385237835,20.914155435841806,7.451266328744732,-13.462889107097073,Normal
2011-03-01,13.259,737.5,66117,123237,1.8639230455102318,0.5367678365062911,0.7537914401340773,11.236919142636026,8.875263934411738,-2.3616552082242883,Normal
2011-04-01,13.326,699.6,65217,123716,1.8969900486069584,-1.3612232859930073,0.38868197051209474,8.069995194458723,9.927760944705577,1.8577657502468536,Normal
2011-05-01,12.28,695.0,64401,124288,1.9299079206844614,-1.2512075072450446,0.46234925151151796,7.1171950367585834,9.899904502528912,2.7827094657703286,Normal
2011-06-01,11.886,710.8,65387,123420,1.8875311606282594,1.5310321268303229,-0.6983779608650931,8.95654202492835,5.811850035579247,-3.144691989349103,Normal
2011-07-01,12.72,721.3,65128,123664,1.8987839331777423,-0.3961032009420884,0.19769891427645625,6.317542198569992,3.9385432600985038,-2.3789989384714882,Normal
2011-08-01,12.604,739.2,64273,125366,1.9505235479906027,-1.3127994103918406,1.3763100012938345,5.1776334091541365,2.6101475727837498,-2.5674858363703867,Normal
2011-09-01,13.356,733.5,67369,125076,1.8565809200077188,4.816952686197928,-0.23132268717196425,8.981348172832714,0.7272112294943289,-8.254136943338384,Normal
2011-10-01,13.73,750.8,68451,126654,1.850287066660823,1.6060799477504384,1.2616329271802673,7.943040968871218,1.7415613000658636,-6.201479668805354,Normal
2011-11-01,13.743,775.6,68750,128245,1.8653818181818183,0.43680881214298584,1.2561782494038942,7.772134436919997,3.4250552428265024,-4.347079194093495,Normal
2011-12-01,13.798,806.7,69946,128939,1.8434077717096045,1.7396363636363654,0.5411517018207412,9.614329817743016,4.70332204601005,-4.911007771732966,Normal
2012-01-01,14.395,859.6,70093,131735,1.8794316122865335,0.2101621250679031,2.168467259711959,8.29689600296648,6.921684644541304,-1.3752113584251768,Normal
2012-02-01,14.975,852.7,71146,134944,1.8967194220335648,1.5022898149601227,2.4359509621588726,8.183808770756041,10.32498058292115,2.1411718121651084,Normal
2012-03-01,14.594,852.2,71115,137149,1.9285523447936441,-0.04357237230483424,1.6340111453640116,7.559326648214526,11.28881748176278,3.7294908335482546,Normal
2012-04-01,14.769,877.3,71431,140560,1.9677730957147457,0.4443506995711166,2.4870760997163677,9.528190502476352,13.6150538329723,4.086863330495948,Normal
2012-05-01,14.496,905.7,72182,142376,1.9724585076611898,1.0513642536153833,1.291974957313613,12.082110526234068,14.553295571575697,2.4711850453416293,Normal
2012-06-01,14.467,931.5,70904,144738,2.0413234796344355,-1.7705245074949416,1.6589874697982898,8.437456986862824,17.272727272727263,8.83527028586444,Normal
2012-07-01,14.38,999.3,71701,147825,2.061686726823894,1.1240550603633048,2.1328193010819563,10.092433361994836,19.537618061844995,9.44518469985016,Normal
2012-08-01,14.444,1014.7,72468,148957,2.0554865595849203,1.0697200875859458,0.7657703365465895,12.750299503679607,18.81770176921973,6.0674022655401245,Normal
2012-09-01,15.099,1020.6,73767,151135,2.048815866173221,1.792515317105492,1.4621669340816545,9.496949635589068,20.83453260417667,11.3375829685876,Normal
2012-10-01,14.83,1040.9,73279,151313,2.0648889859304846,-0.6615424241191881,0.11777549872631354,7.0532205519276525,19.469578536801045,12.416357984873393,Normal
2012-11-01,15.456,1056.8,74408,151853,2.0408155037092786,1.5406869635229636,0.3568761441515189,8.229818181818182,18.408514951849963,10.178696770031781,Normal
2012-12-01,15.462,1067.8,75422,154094,2.0430908753414125,1.362756692828726,1.4757693295489815,7.828896577359679,19.50922529258021,11.680328715220533,Normal
2013-01-01,15.813,1074.6,76324,155909,2.0427257481264083,1.1959375248601134,1.1778524796552725,8.889618078838124,18.350476335066613,9.460858256228489,Normal
2013-02-01,15.861,1077.1,77271,157368,2.036572582210661,1.2407630627325528,0.935802294928445,8.609057431197819,16.617263457434195,8.008206026236376,Normal
2013-03-01,15.721,1105.5,76508,157731,2.061627542217807,-0.9874338367563462,0.23066951349701714,7.5834915278070625,15.007036143172758,7.423544615365696,Normal
2013-04-01,15.811,1125.9,76912,157955,2.0537107343457457,0.528049354315896,0.14201393511739102,7.673139113270144,12.375498007968133,4.702358894697989,Normal
2013-05-01,15.884,1149.2,78388,159436,2.0339337653722507,1.9190763469939753,0.9376088126365145,8.597711340777469,11.982356576951169,3.3846452361737,Normal
2013-06-01,16.149,1163.4,80027,161429,2.0171817011758533,2.0908812573352975,1.2500313605459334,12.86669299334311,11.531871381392577,-1.3348216119505327,Normal
2013-07-01,16.021,1119.5,80200,160823,2.005274314214464,0.2161770402489216,-0.37539723345867415,11.85339116609252,8.7928293590394,-3.0605618070531193,Normal
2013-08-01,15.827,1147.1,79923,161919,2.0259374648098794,-0.3453865336658368,0.681494562344942,10.287299221725444,8.701840128359194,-1.58545909336625,Normal
2013-09-01,15.857,1166.8,78830,165361,2.097691234301662,-1.3675662825469503,2.125754235142252,6.863502650236564,9.412776656631493,2.5492740063949295,Normal
2013-10-01,15.727,1198.1,80095,168982,2.109769648542356,1.6047190156031954,2.189754537043198,9.301436973757827,11.677119612987653,2.375682639229826,Normal
2013-11-01,16.079,1211.2,80387,173144,2.1538806025849953,0.36456707659653365,2.4629842231717047,8.035426298247494,14.020796428124571,5.985370129877078,Elevated
2013-12-01,15.835,1231.0,80040,175356,2.190854572713643,-0.43166183586897944,1.2775493231067747,6.1228819177428395,13.798071307124227,7.675189389381387,Elevated
2014-01-01,15.614,1248.2,77857,174012,2.235020614716724,-2.72738630684658,-0.7664408403476375,2.0085425292175385,11.611260414729108,9.60271788551157,Elevated
2014-02-01,15.993,1281.4,79995,173276,2.166085380336271,2.746060084513924,-0.4229593361377404,3.52525527041192,10.108789588734691,6.583534318322771,Elevated
2014-03-01,16.985,1277.3,83022,173446,2.089157090891571,3.783986499156189,0.09810937463929914,8.514142311915096,9.963165135578933,1.449022823663837,Normal
2014-04-01,16.695,1250.1,84398,174735,2.070368966089244,1.6573920165739109,0.7431707851434988,9.73320158102766,10.623278781931567,0.8900772009039066,Normal
2014-05-01,17.137,1227.0,84479,176140,2.0850152108808104,0.0959738382426023,0.8040747417517924,7.770321988059403,10.476931182418014,2.7066091943586104,Normal
2014-06-01,17.516,1223.3,84743,177333,2.092597618682369,0.3125036991441732,0.67730214602022,5.893011108750801,9.852009242453331,3.95899813370253,Normal
2014-07-01,17.277,1263.7,85176,179917,2.112296891143045,0.5109566571870339,1.4571455961383428,6.204488778054862,11.872679902750228,5.668191124695366,Normal
2014-08-01,17.239,1242.5,85953,180317,2.0978558049166405,0.9122287968441833,0.22232473862948687,7.544761833264513,11.36247135913635,3.8177095258718374,Normal
2014-09-01,16.959,1230.3,84871,179842,2.11900413568828,-1.2588274987493153,-0.26342496825035866,7.6633261448687096,8.757203935631729,1.0938777907630195,Normal
2014-10-01,16.756,1222.3,85352,180592,2.1158496578873374,0.5667424679808075,0.41703272872855024,6.563455896123349,6.870554260217054,0.3070983640937053,Normal
2014-11-01,16.949,1230.2,86457,180921,2.092612512578507,1.294638672790338,0.18217861256313306,7.550972172117376,4.491637018897565,-3.059335153219811,Normal
2014-12-01,17.178,1218.0,85891,182866,2.1290472808559686,-0.6546606983818593,1.075054858197766,7.310094952523749,4.282716302835365,-3.0273786496883837,Normal
2015-01-01,16.91,1222.9,87056,182005,2.090665778349568,1.3563702832660063,-0.4708365688536942,11.815251037157859,4.5933613773762705,-7.2218896597815885,Normal
2015-02-01,16.891,1244.2,85679,182381,2.1286546294891395,-1.581740488880723,0.20658773110628914,7.1054440902556415,5.254622682887411,-1.8508214073682305,Normal
2015-03-01,17.896,1232.7,89649,182864,2.0397773539024415,4.633574154693676,0.26483021805998597,7.982221579822224,5.429932082607847,-2.5522894972143773,Normal
2015-04-01,17.693,1241.0,90206,184687,2.047391526062568,0.621312005711161,0.9969157406597207,6.881679660655471,5.695481729476071,-1.1861979311794002,Normal
2015-05-01,17.929,1250.3,90924,185582,2.0410672649685453,0.7959559231093261,0.4846036808221488,7.629114927970271,5.360508686272292,-2.268606241697979,Normal
2015-06-01,17.889,1232.0,90764,186627,2.0561786611431847,-0.1759711407329223,0.5630934034550839,7.105011623378932,5.240987295088906,-1.864024328290026,Normal
2015-07-01,18.318,1248.6,91178,188187,2.0639518304854243,0.45612798025649326,0.8358919127457343,7.046585892739743,4.59656397116448,-2.4500219215752628,Normal
2015-08-01,18.391,1245.2,91832,189682,2.065532711908703,0.7172782908157593,0.794422569040365,6.839784533407789,5.19363121613603,-1.646153317271759,Normal
2015-09-01,18.281,1230.8,92253,192607,2.0878128624543377,0.4584458576531114,1.5420545966406962,8.697906234167153,7.097897042959933,-1.6000091912072198,Normal
2015-10-01,18.27,1185.8,91437,194037,2.1220840578759144,-0.8845240805177013,0.7424444594433144,7.129299840659864,7.444958802161783,0.31565896150191897,Normal
2015-11-01,18.314,1167.0,92525,194527,2.1024263712510134,1.189890306987329,0.2525291568102883,7.018517875938324,7.520409460482758,0.5018915845444338,Normal
2015-12-01,17.503,1156.0,92218,195547,2.1204862391290202,-0.33180221561740497,0.5243488050501899,7.366313117788836,6.934585980991548,-0.4317271367972886,Normal
2016-01-01,18.054,1131.5,91798,197375,2.1501013093967187,-0.455442538333084,0.9348136253688466,5.447068553574708,8.444822944424612,2.997754390849904,Elevated
2016-02-01,18.096,1118.1,93713,199084,2.1244010969662694,2.0861020937275265,0.8658644711842856,9.376860140757938,9.158300480861502,-0.21855965989643522,Normal
2016-03-01,17.291,1120.9,92065,203130,2.2063759300494215,-1.758560711960988,2.0323079705049096,2.6949547680398034,11.082553154256725,8.387598386216922,Elevated
2016-04-01,17.669,1120.5,92488,204238,2.2082648559813163,0.45945799163633616,0.5454634962831717,2.52976520408843,10.586018506987504,8.056253302899073,Elevated
2016-05-01,17.695,1104.7,92706,205178,2.2132116583608394,0.23570625378428467,0.46024735847394194,1.9598785799128882,10.559213716847538,8.599335136934648,Elevated
2016-06-01,17.735,1119.0,93454,206241,2.2068718299912256,0.8068517679546083,0.5180867344452222,2.963730113260765,10.509733318330138,7.546003205069373,Elevated
2016-07-01,18.109,1142.9,94683,207197,2.188323141429824,1.3150854966079484,0.463535378513491,3.844129066222113,10.101654205657141,6.257525139435028,Elevated
2016-08-01,17.927,1152.2,95070,208020,2.188071946986431,0.40873229618834106,0.3972065232604738,3.526004007317707,9.667759724169933,6.141755716852226,Elevated
2016-09-01,17.956,1162.0,95834,209395,2.1849761045140554,0.8036183864520874,0.6609941351793047,3.881716583742545,8.71619411547866,4.834477531736114,Elevated
2016-10-01,17.954,1157.2,95532,210570,2.204182891596533,-0.3151282425861379,0.5611404283769827,4.478493388890703,8.520539897029945,4.042046508139242,Elevated
2016-11-01,17.792,1177.3,95220,213492,2.242091997479521,-0.3265921366662483,1.3876620601225298,2.912726290191836,9.74928930174217,6.836563011550334,Elevated
2016-12-01,18.277,1156.8,97895,212105,2.1666581541447467,2.809283763915138,-0.6496730556648456,6.156064976468811,8.467529545326702,2.3114645688578905,Elevated
2017-01-01,17.652,1150.759,97827,215582,2.2037065431833747,-0.06946217886510953,1.6392824308715026,6.56768121309832,9.22457251424953,2.6568913011512105,Elevated
2017-02-01,17.699,1134.605,97227,217427,2.2362821027080955,-0.6133276089423156,0.8558228423523273,3.7497465666449736,9.213698740230258,5.463952173585285,Elevated
2017-03-01,17.061,1147.229,95402,219064,2.296220205027148,-1.8770506135127096,0.7528963744153128,3.624613045131153,7.844237680303245,4.219624635172092,High
2017-04-01,17.166,1158.563,95953,219908,2.2918303752879012,0.5775560260791179,0.3852755359164517,3.7464319695527992,7.672421390730433,3.9259894211776336,High
2017-05-01,17.081,1170.64,96227,220541,2.2918827356147444,0.285556470355286,0.2878476453789691,3.7980281750911393,7.487644874206789,3.68961669911565,High
2017-06-01,17.13,1158.626,97254,221867,2.2813149073559957,1.0672680224884878,0.6012487473984418,4.066171592441203,7.576573038338652,3.5104014458974486,Elevated
2017-07-01,17.237,1109.028,97361,222102,2.2812214336335903,0.11002118164804564,0.10591931202026394,2.828385243391107,7.1936369735082994,4.365251730117192,Elevated
2017-08-01,17.051,1073.009,95539,223725,2.341713855074891,-1.8713858731935762,0.73074533322528,0.49332071105501196,7.549754831266231,7.056434120211219,High
2017-09-01,18.313,1015.979,99355,219376,2.208001610386996,3.99418038706707,-1.943904346854397,3.67406139783375,4.766589460111281,1.0925280622775313,Elevated
2017-10-01,18.482,962.04,100056,218671,2.1854861277684496,0.7055508026772683,-0.32136605645102234,4.735585981660595,3.8471767108325006,-0.8884092708280944,Elevated
2017-11-01,18.003,941.417,99233,218402,2.200900909979543,-0.8225393779483503,-0.12301585486872435,4.214450745641662,2.2998519850860877,-1.9145987605555748,Elevated
2017-12-01,17.887,923.836,99075,219016,2.2106081251577088,-0.15922122680962492,0.2811329566579035,1.2053731038357496,3.25829188373683,2.0529187799010806,Elevated
2018-01-01,17.176,880.69,98428,220080,2.2359491201690576,-0.6530406257885479,0.4858092559447691,0.6143498216238941,2.086445064986875,1.4720952433629808,Elevated
2018-02-01,17.447,873.344,98170,221342,2.2546806560048895,-0.26212053480716424,0.5734278444202046,0.9698951937219036,1.8006043407672534,0.8307091470453498,Elevated
2018-03-01,17.662,896.643,98338,220476,2.242022412495678,0.17113171029845553,-0.39124974022101133,3.077503616276389,0.6445604937370009,-2.4329431225393883,Elevated
2018-04-01,17.584,884.936,98390,221822,2.25451773554223,0.05287884642761753,0.610497287686651,2.539785103123404,0.870363970387622,-1.6694211327357822,Elevated
2018-05-01,17.829,903.942,99291,222907,2.2449869575288797,0.915743469864827,0.48913092479556664,3.184137508183782,1.072816392416831,-2.111321115766951,Elevated
2018-06-01,17.743,885.167,98841,223467,2.2608735241448388,-0.45321328217059476,0.2512258475507734,1.6318094885557466,0.7211527626911574,-0.9106567258645892,Elevated
2018-07-01,17.629,873.147,99315,224668,2.2621759049489,0.4795580781254749,0.5374395324589276,2.00696377399574,1.1553250308416807,-0.8516387431540595,Elevated
2018-08-01,17.564,822.033,98656,227231,2.30326589361012,-0.6635452852036483,1.140794416650337,3.262541998555557,1.567102469549675,-1.6954395290058821,High
2018-09-01,17.776,783.748,98044,229537,2.3411631512382196,-0.620337333765808,1.0148263221127385,-1.3195108449499227,4.631773758296265,5.9512846032461875,High
2018-10-01,17.991,753.344,98586,230789,2.3409916215284117,0.5528130227244965,0.5454458322623479,-1.4691772607339892,5.54165847323147,7.010835733965459,High
2018-11-01,18.061,757.239,99709,231467,2.3214253477619873,1.1391069725924519,0.2937748332892731,0.47967913899609194,5.98208807611651,5.502408937120418,High
2018-12-01,18.077,769.161,100620,232785,2.3135062611806796,0.9136587469536384,0.5694116223911028,1.559424678274035,6.286755305548453,4.7273306272744176,High
2019-01-01,16.97,741.56,97739,234269,2.3968835367662855,-2.863247863247864,0.6374981205833796,-0.7000040638842631,6.44720101781171,7.147205081695973,High
2019-02-01,16.962,724.291,98970,234036,2.3647165807820554,1.2594767697643672,-0.09945831501393387,0.8149129061831406,5.7350163999602355,4.920103493777095,High
2019-03-01,17.842,704.299,101705,233280,2.293692542156236,2.7634636758613773,-0.32302722658053007,3.423905306188857,5.807434822837854,2.3835295166489967,High
2019-04-01,16.968,682.268,99558,234044,2.350830671568332,-2.1110073251069283,0.3275034293552803,1.1871125114340852,5.5098231915680085,4.322710680133923,High
2019-05-01,17.967,684.552,101343,234792,2.316805304757112,1.7929247272946425,0.3195980243031249,2.0666525666978908,5.33181999668022,3.2651674299823297,High
2019-06-01,17.781,699.459,101400,235274,2.3202564102564103,0.056244634557889306,0.20528808477291438,2.5890065863356293,5.2835541713094125,2.694547584973783,High
2019-07-01,17.682,704.379,101891,237261,2.328576616187887,0.48422090729782763,0.8445472087863504,2.593767306046413,5.605159613296062,3.0113923072496496,High
2019-08-01,17.882,666.218,104265,236345,2.266772167074282,2.329940819110621,-0.38607272160194883,5.685411936425555,4.010896400579145,-1.6745155358464103,Elevated
2019-09-01,17.72,656.141,101747,236585,2.3252282622583467,-2.415000239773657,0.10154646808691048,3.776875688466408,3.0705289343330167,-0.7063467541333912,High
2019-10-01,17.049,607.13,101871,234930,2.3061518979886326,0.12187091511297599,-0.699537164232733,3.332116121964579,1.7942796233789249,-1.537836498585654,High
2019-11-01,17.549,568.593,104489,230640,2.2073136885222366,2.569916855631149,-1.826075852381559,4.793950395651336,-0.357286351834174,-5.151236747485511,Elevated
2019-12-01,17.491,529.109,102252,228366,2.2333646285647224,-2.140895213850258,-0.9859521331945897,1.6219439475253505,-1.898318190605064,-3.5202621381304144,Elevated
2020-01-01,16.85,527.575,100852,226557,2.246430412882243,-1.369166373273878,-0.7921494443130728,3.185013147259541,-3.2919421690449813,-6.476955316304522,Elevated
2020-02-01,17.13,521.533,101452,224705,2.2148898001025117,0.5949311862927908,-0.8174543271671109,2.507830655754262,-3.986993453998533,-6.494824109752795,Elevated
2020-03-01,11.825,582.532,74573,235093,3.1525216901559547,-26.49430272444111,4.62295009011815,-26.677154515510548,0.7771776406035658,27.454332156114113,High
2020-04-01,8.919,518.328,64335,215135,3.3439807258879304,-13.728829469110803,-8.489406320052062,-35.37937684565781,-8.079250055545106,27.300126790112703,High
2020-05-01,12.543,456.769,96823,184878,1.9094430042448591,50.49817362244502,-14.064192251377039,-4.460100845643011,-21.258816314014105,-16.798715468371093,Normal
2020-06-01,13.532,449.797,105134,171905,1.6351037723286472,8.583704285138861,-7.017059898960398,3.6824457593688464,-26.934127867932713,-30.61657362730156,Normal
2020-07-01,15.182,514.851,104887,175613,1.6743066347593123,-0.2349382692563795,2.157005322707306,2.940397091009017,-25.98319993593553,-28.92359702694455,Normal
2020-08-01,16.09,516.071,105564,177396,1.6804592474707287,0.645456538941902,1.0153006895844863,1.245863904474187,-24.941928113562795,-26.187792018036983,Normal
2020-09-01,16.713,516.548,109319,181987,1.6647334864021808,3.5570838543442784,2.5879952197343847,7.4419884615762655,-23.077540841557997,-30.519529303134263,Normal
2020-10-01,16.564,518.827,108681,185828,1.709848087522198,-0.5836130956192398,2.110590316890759,6.684925052271984,-20.900693823692162,-27.585618875964144,Normal
2020-11-01,16.298,502.588,107494,189018,1.7584051202857833,-1.0921872268381816,1.7166411950836347,2.8759008125257113,-18.046305931321537,-20.922206743847248,Normal
2020-12-01,16.906,471.71,109545,189106,1.726286001186727,1.9080134705192764,0.046556412616793885,7.132378828775976,-17.191701041310882,-24.32407987008686,Normal
2021-01-01,16.719,450.141,112757,189124,1.6772705907393777,2.9321283490802763,0.009518471122005323,11.804426288026026,-16.5225528233513,-28.326979111377327,Normal
2021-02-01,16.146,416.804,108890,182847,1.6791900082652218,-3.4294988337752907,-3.318986485057418,7.331545952765839,-18.627978905676336,-25.959524858442176,Normal
2021-03-01,18.451,350.684,127776,171138,1.3393595041322315,17.344108733584342,-6.403714581043163,71.34351574966811,-27.204127728175653,-98.54764347784376,Normal
2021-04-01,18.574,306.197,130966,158617,1.2111311332712307,2.4965564738292034,-7.3163178253806915,103.56881946063572,-26.270946150091802,-129.8397656107275,Normal
2021-05-01,17.519,252.885,128164,149663,1.167746012920945,-2.1394865843043287,-5.645044352118623,32.369375045185556,-19.047696318653383,-51.41707136383894,Normal
2021-06-01,16.056,198.612,125068,149245,1.1933108389036364,-2.4156549421054274,-0.27929414751809434,18.960564612779883,-13.18169919432245,-32.14226380710233,Normal
2021-07-01,15.187,151.976,120301,149963,1.246564866459963,-3.81152652956791,0.4810881436563941,14.695815496677378,-14.605980195088064,-29.30179569176544,Normal
2021-08-01,13.874,127.931,117047,147333,1.2587507582424153,-2.704881921181035,-1.7537659289291407,10.877761358038729,-16.9468308191842,-27.82459217722293,Normal
2021-09-01,12.731,87.848,118118,143008,1.2107214819079226,0.9150170444351513,-2.935527003454763,8.048921047576352,-21.41856286438042,-29.46748391195677,Normal
2021-10-01,13.156,91.186,120015,142351,1.1861100695746365,1.6060210975465283,-0.45941485791004544,10.42868578684406,-23.396366532492408,-33.825052319336464,Normal
2021-11-01,13.37,79.012,121997,148311,1.2156938285367673,1.651460234137403,4.186833952694391,13.491915827860158,-21.53604418626798,-35.02796001412814,Normal
2021-12-01,13.123,84.094,118762,158011,1.330484498408582,-2.6517045501118885,6.54031056361295,8.413893833584375,-16.443158863283024,-24.8570526968674,Normal
2022-01-01,14.886,73.776,127081,162424,1.27811395881367,7.004765834189386,2.7928435362094994,12.703424177656375,-14.117721706393693,-26.82114588405007,Normal
2022-02-01,14.198,72.763,127230,163609,1.2859309911184469,0.11724805439050634,0.7295719844357951,16.842685278721635,-10.521364856956906,-27.36405013567854,Normal
2022-03-01,14.221,79.081,125665,164851,1.3118290693510524,-1.2300558044486376,0.7591269428943503,-1.6521099423991936,-3.673643492386258,-2.0215335499870646,Normal
2022-04-01,14.615,81.278,127991,161199,1.2594557429819284,1.8509529304102212,-2.2153338469284356,-2.271581937296707,1.6278204732153467,3.899402410512054,Normal
2022-05-01,13.291,85.131,123204,163761,1.329185740722704,-3.7401067262541887,1.5893398842424578,-3.870041509316191,9.419829884473785,13.289871393789976,Normal
2022-06-01,13.821,93.779,124585,168528,1.3527150138459687,1.1209051654166968,2.9109494934691504,-0.3861899126874957,12.920365841401726,13.30655575408922,Normal
2022-07-01,13.87,89.01,121670,173881,1.4291197501438317,-2.339768029859135,3.1763267824931107,1.1379789029185128,15.949267485979867,14.811288583061355,Normal
2022-08-01,14.184,105.981,125193,178235,1.4236818352463796,2.895537108572377,2.504011364093839,6.959597426674757,20.974255597863344,14.014658171188586,Normal
2022-09-01,14.12,113.128,124363,182215,1.4651865908670585,-0.6629763644932174,2.2330069851600465,5.2870857955603645,27.41594875811144,22.128862962551075,Normal
2022-10-01,15.099,108.446,126809,183897,1.4501888667208163,1.9668229296494921,0.9230853661883032,5.6609590467858295,29.185604597087476,23.524645550301646,Normal
2022-11-01,14.583,109.663,123350,186949,1.5155978921767328,-2.7277243728757394,1.6596246812074167,1.109043665008147,26.052012325451244,24.942968660443096,Normal
2022-12-01,13.874,113.709,119551,190482,1.5933116410569548,-3.0798540737738134,1.8898202183483148,0.6643539179198799,20.54983513806001,19.885481220140132,Normal
2023-01-01,15.657,110.979,132373,193452,1.4614158476426462,10.725129860896176,1.5592024443254582,4.164273180097733,19.1030882135645,14.938815033466767,Normal
2023-02-01,15.47,115.973,128257,196408,1.5313628106068284,-3.10939542051627,1.5280276244236335,0.8071995598522452,20.047185668270085,19.23998610841784,Normal
2023-03-01,15.621,128.502,126396,199624,1.57935377701826,-1.45099292826123,1.6374078448943008,0.5817053276568673,21.093593608773986,20.51188828111712,Normal
2023-04-01,16.41,136.35,127973,202167,1.5797629187406719,1.247666065381825,1.2738949224542218,-0.014063488839055616,25.41454971805035,25.428613206889406,Normal
2023-05-01,15.931,147.427,130110,207746,1.5966951041426485,1.6698834910488847,2.759599736851226,5.605337489042572,26.859264415825514,21.253926926782942,Normal
2023-06-01,16.606,160.409,132443,210135,1.5866070687012526,1.7930981477211505,1.1499619727936894,6.307340370028491,24.68847906579321,18.38113869576472,Normal
2023-07-01,16.321,158.164,130481,213198,1.6339390409331627,-1.4813919950469212,1.457634377899919,7.2417194049477995,22.611441158033372,15.369721753085573,Normal
2023-08-01,16.071,189.619,131374,217912,1.6587148141945895,0.6843908308489466,2.2110901603204614,4.937176998713988,22.26105983673241,17.323882838018424,Normal
2023-09-01,16.209,204.79,132828,222043,1.6716580841388864,1.1067638954435521,1.8957193729578936,6.8066868763217325,21.857695579397962,15.05100870307623,Normal
2023-10-01,15.738,207.824,130458,226686,1.7376167042266477,-1.7842623543228853,2.0910364208734267,2.8775560094315145,23.267916279221513,20.390360269789998,Normal
2023-11-01,15.782,223.595,130084,231634,1.7806494265243997,-0.28668230388324556,2.1827550003088003,5.459262261856512,23.9022407180568,18.442978456200287,Normal
2023-12-01,16.321,230.929,130225,236336,1.814828181992705,0.10839150087635918,2.02992652201317,8.928407123319747,24.072615785218552,15.144208661898805,Normal
2024-01-01,15.558,239.279,129356,239196,1.849129533999196,-0.6673065847571547,1.2101414934669208,-2.2791656908886293,23.646175795546178,25.925341486434807,Normal
2024-02-01,16.255,243.099,131471,241955,1.84036783777411,1.6350227279755103,1.153447382063244,2.5059061103877456,23.18999226100771,20.684086150619965,Normal
2024-03-01,16.21,237.761,130215,244537,1.877948009061936,-0.9553437640240081,1.0671405839928871,3.0214563752017476,22.498797739750742,19.477341364548995,Normal
2024-04-01,16.458,238.733,129214,249381,1.9299843670190537,-0.7687286410935745,1.9808863280403433,0.9697358036460768,23.353959845078577,22.3842240414325,Normal
2024-05-01,16.361,244.973,132640,254138,1.9159981905910737,2.6514154812945945,1.9075230270148902,1.944508492813779,22.331115881894227,20.38660738908045,Normal
2024-06-01,15.79,242.266,128483,259459,2.019403345189636,-3.1340470446320823,2.0937443436243264,-2.98996549459013,23.472529564327704,26.462495058917835,Normal
2024-07-01,16.337,240.986,132828,261642,1.96978046797362,3.38177035094136,0.8413660732524253,1.798729316912051,22.722539611065763,20.92381029415371,Normal
2024-08-01,15.978,219.958,132195,262822,1.988138734445327,-0.47655614780016675,0.45099792846714504,0.6249333962580206,20.60923675612174,19.984303359863716,Normal
2024-09-01,16.341,222.187,132259,267882,2.025434942045532,0.04841332879459426,1.9252573985435006,-0.42837353570029935,20.644199546934594,21.072573082634893,Normal
2024-10-01,16.493,229.74,135603,267646,1.973746893505306,2.528372360293063,-0.08809849112668688,3.943798003955301,18.069047051869113,14.125249047913812,Normal
2024-11-01,16.908,219.229,139565,265664,1.9035144914555941,2.9217642677521916,-0.7405304020982939,7.288367516374028,14.691280209295709,7.402912692921681,Normal
2024-12-01,17.301,208.285,140033,262025,1.8711660822806053,0.33532762512091807,-1.369775355336067,7.531579957765411,10.869693994990183,3.3381140372247717,Normal
2025-01-01,15.95,207.464,137190,259697,1.8929732487790656,-2.0302357301493212,-0.8884648411411122,6.056155106836947,8.570795498252481,2.5146403914155346,Normal
2025-02-01,16.419,200.649,133812,259178,1.9368815950736855,-2.4622785917340906,-0.19984828473181837,1.780620821321821,7.1182657932260085,5.337644971904187,Normal
2025-03-01,18.35,190.539,142322,255862,1.7977684405784067,6.359668789047324,-1.279429581214453,9.297699957762173,4.631201004346996,-4.666498953415177,Normal
2025-04-01,17.583,193.221,141200,252565,1.7887039660056656,-0.7883531709784841,-1.2885852529879394,9.276084634791903,1.2767612608819423,-7.999323373909961,Normal
2025-05-01,16.043,201.792,134471,253890,1.888065084665095,-4.765580736543907,0.5246174252172775,1.3804282267792622,-0.09758477677482835,-1.4780130035540906,Normal
2025-06-01,16.282,213.258,135489,256108,1.8902493929396482,0.7570405514943701,0.873606680058292,5.452861468054149,-1.291533537090639,-6.744395005144788,Normal
2025-07-01,16.998,222.236,138873,257357,1.8531824040670253,2.497619732967249,0.48768488294002044,4.550998283494434,-1.6377340029505971,-6.188732286445031,Normal
2025-08-01,16.9,218.148,139421,257353,1.8458697039900733,0.39460514282834147,-0.0015542612013641488,5.466167404213462,-2.080876030164902,-7.547043434378365,Normal
2025-09-01,16.985,210.619,139540,260751,1.8686469829439587,0.08535299560323839,1.3203654124879005,5.505107402898868,-2.661992967052662,-8.16710036995153,Normal
2025-10-01,15.845,216.939,137440,263284,1.9156286379511058,-1.5049448186899794,0.9714248459258057,1.3546897929986867,-1.6297646891789919,-2.9844544821776786,Normal
2025-11-01,16.006,199.574,138710,260191,1.8757912190901882,0.9240395809080315,-1.1747770468391594,-0.6126177766632046,-2.06012105516743,-1.4475032785042252,Normal
2025-12-01,16.4,182.909,138645,258598,1.8651808575859208,-0.046860356138711534,-0.6122425448997104,-0.9911949326230296,-1.3078904684667547,-0.3166955358437251,Normal
2026-01-01,14.999,180.271,137619,258927,1.8814771216183812,-0.7400194741966848,0.12722449516238132,0.3127050076536131,-0.2964993819720707,-0.6092043896256838,Normal
2026-02-01,15.893,181.963,139020,259637,1.8676233635448136,1.0180280339197267,0.27420856071402877,3.8920276208411764,0.17709836483035257,-3.714929256010824,Normal
2026-03-01,16.66,198.103,139855,262717,1.8784955847127383,0.600633002445683,1.1862716022754904,-1.733393291269092,2.679178619724687,4.412571910993779,Normal
2026-04-01,16.636,212.083,139343,264984,1.9016671092196953,-0.36609345393443515,0.8629057122302664,-1.3151558073654424,4.917150040583618,6.2323058479490605,Normal
2026-05-01,16.744,212.966,140675,267493,1.9014963568508974,0.9559145418140957,0.9468496211092026,4.613634166474556,5.357832132025675,0.7441979655511188,Normal
2026-06-01,17.221,212.991,144140,268839,1.8651241848203135,2.4631242224986583,0.5031907377015532,6.3850201861405775,4.970949755571863,-1.4140704305687146,Normal
2026-07-01,16.757,207.457,141565,270858,1.913311906191502,-1.7864576106563113,0.7510071083436598,1.938461760025345,5.246020119911243,3.307558359885898,Normal
