observation_date,AUINSA
2000-01-01,1370.100
2000-02-01,1306.400
2000-03-01,1305.200
2000-04-01,1321.400
2000-05-01,1322.800
2000-06-01,1346.700
2000-07-01,1367.100
2000-08-01,1381.800
2000-09-01,1411.100
2000-10-01,1412.800
2000-11-01,1416.500
2000-12-01,1397.200
2001-01-01,1348.000
2001-02-01,1256.400
2001-03-01,1234.200
2001-04-01,1179.900
2001-05-01,1164.200
2001-06-01,1152.900
2001-07-01,1122.900
2001-08-01,1145.300
2001-09-01,1121.500
2001-10-01,925.100
2001-11-01,898.700
2001-12-01,976.900
2002-01-01,1031.400
2002-02-01,1086.400
2002-03-01,1107.900
2002-04-01,1112.500
2002-05-01,1143.700
2002-06-01,1172.600
2002-07-01,1188.600
2002-08-01,1166.900
2002-09-01,1194.800
2002-10-01,1211.300
2002-11-01,1257.900
2002-12-01,1229.800
2003-01-01,1231.800
2003-02-01,1244.000
2003-03-01,1243.800
2003-04-01,1245.700
2003-05-01,1265.300
2003-06-01,1275.600
2003-07-01,1287.800
2003-08-01,1253.500
2003-09-01,1259.900
2003-10-01,1275.500
2003-11-01,1250.300
2003-12-01,1227.100
2004-01-01,1243.100
2004-02-01,1245.400
2004-03-01,1228.000
2004-04-01,1257.300
2004-05-01,1238.800
2004-06-01,1231.600
2004-07-01,1214.700
2004-08-01,1218.800
2004-09-01,1220.600
2004-10-01,1222.400
2004-11-01,1182.800
2004-12-01,1144.800
2005-01-01,1137.900
2005-02-01,1154.100
2005-03-01,1117.900
2005-04-01,1073.200
2005-05-01,1049.600
2005-06-01,1062.600
2005-07-01,1016.200
2005-08-01,993.900
2005-09-01,959.200
2005-10-01,979.400
2005-11-01,1004.500
2005-12-01,1012.200
2006-01-01,992.500
2006-02-01,1006.800
2006-03-01,1044.300
2006-04-01,1059.900
2006-05-01,1075.600
2006-06-01,1075.200
2006-07-01,1028.000
2006-08-01,1042.000
2006-09-01,1072.400
2006-10-01,1076.600
2006-11-01,1093.000
2006-12-01,1105.500
2007-01-01,1112.200
2007-02-01,1084.900
2007-03-01,1087.800
2007-04-01,1082.700
2007-05-01,1057.000
2007-06-01,1068.600
2007-07-01,1108.500
2007-08-01,1096.300
2007-09-01,1070.600
2007-10-01,1058.600
2007-11-01,1021.800
2007-12-01,985.300
2008-01-01,954.100
2008-02-01,949.200
2008-03-01,947.300
2008-04-01,946.900
2008-05-01,908.000
2008-06-01,908.500
2008-07-01,976.200
2008-08-01,1010.900
2008-09-01,1046.600
2008-10-01,1132.100
2008-11-01,1196.500
2008-12-01,1215.500
2009-01-01,1122.300
2009-02-01,1053.800
2009-03-01,1034.600
2009-04-01,1009.600
2009-05-01,960.100
2009-06-01,904.900
2009-07-01,823.900
2009-08-01,664.500
2009-09-01,717.200
2009-10-01,742.200
2009-11-01,748.900
2009-12-01,733.200
2010-01-01,743.000
2010-02-01,784.900
2010-03-01,779.500
2010-04-01,784.500
2010-05-01,805.300
2010-06-01,808.800
2010-07-01,814.600
2010-08-01,830.100
2010-09-01,842.100
2010-10-01,841.600
2010-11-01,843.900
2010-12-01,796.700
2011-01-01,794.600
2011-02-01,766.700
2011-03-01,737.500
2011-04-01,699.600
2011-05-01,695.000
2011-06-01,710.800
2011-07-01,721.300
2011-08-01,739.200
2011-09-01,733.500
2011-10-01,750.800
2011-11-01,775.600
2011-12-01,806.700
2012-01-01,859.600
2012-02-01,852.700
2012-03-01,852.200
2012-04-01,877.300
2012-05-01,905.700
2012-06-01,931.500
2012-07-01,999.300
2012-08-01,1014.700
2012-09-01,1020.600
2012-10-01,1040.900
2012-11-01,1056.800
2012-12-01,1067.800
2013-01-01,1074.600
2013-02-01,1077.100
2013-03-01,1105.500
2013-04-01,1125.900
2013-05-01,1149.200
2013-06-01,1163.400
2013-07-01,1119.500
2013-08-01,1147.100
2013-09-01,1166.800
2013-10-01,1198.100
2013-11-01,1211.200
2013-12-01,1231.000
2014-01-01,1248.200
2014-02-01,1281.400
2014-03-01,1277.300
2014-04-01,1250.100
2014-05-01,1227.000
2014-06-01,1223.300
2014-07-01,1263.700
2014-08-01,1242.500
2014-09-01,1230.300
2014-10-01,1222.300
2014-11-01,1230.200
2014-12-01,1218.000
2015-01-01,1222.900
2015-02-01,1244.200
2015-03-01,1232.700
2015-04-01,1241.000
2015-05-01,1250.300
2015-06-01,1232.000
2015-07-01,1248.600
2015-08-01,1245.200
2015-09-01,1230.800
2015-10-01,1185.800
2015-11-01,1167.000
2015-12-01,1156.000
2016-01-01,1131.500
2016-02-01,1118.100
2016-03-01,1120.900
2016-04-01,1120.500
2016-05-01,1104.700
2016-06-01,1119.000
2016-07-01,1142.900
2016-08-01,1152.200
2016-09-01,1162.000
2016-10-01,1157.200
2016-11-01,1177.300
2016-12-01,1156.800
2017-01-01,1150.759
2017-02-01,1134.605
2017-03-01,1147.229
2017-04-01,1158.563
2017-05-01,1170.640
2017-06-01,1158.626
2017-07-01,1109.028
2017-08-01,1073.009
2017-09-01,1015.979
2017-10-01,962.040
2017-11-01,941.417
2017-12-01,923.836
2018-01-01,880.690
2018-02-01,873.344
2018-03-01,896.643
2018-04-01,884.936
2018-05-01,903.942
2018-06-01,885.167
2018-07-01,873.147
2018-08-01,822.033
2018-09-01,783.748
2018-10-01,753.344
2018-11-01,757.239
2018-12-01,769.161
2019-01-01,741.560
2019-02-01,724.291
2019-03-01,704.299
2019-04-01,682.268
2019-05-01,684.552
2019-06-01,699.459
2019-07-01,704.379
2019-08-01,666.218
2019-09-01,656.141
2019-10-01,607.130
2019-11-01,568.593
2019-12-01,529.109
2020-01-01,527.575
2020-02-01,521.533
2020-03-01,582.532
2020-04-01,518.328
2020-05-01,456.769
2020-06-01,449.797
2020-07-01,514.851
2020-08-01,516.071
2020-09-01,516.548
2020-10-01,518.827
2020-11-01,502.588
2020-12-01,471.710
2021-01-01,450.141
2021-02-01,416.804
2021-03-01,350.684
2021-04-01,306.197
2021-05-01,252.885
2021-06-01,198.612
2021-07-01,151.976
2021-08-01,127.931
2021-09-01,87.848
2021-10-01,91.186
2021-11-01,79.012
2021-12-01,84.094
2022-01-01,73.776
2022-02-01,72.763
2022-03-01,79.081
2022-04-01,81.278
2022-05-01,85.131
2022-06-01,93.779
2022-07-01,89.010
2022-08-01,105.981
2022-09-01,113.128
2022-10-01,108.446
2022-11-01,109.663
2022-12-01,113.709
2023-01-01,110.979
2023-02-01,115.973
2023-03-01,128.502
2023-04-01,136.350
2023-05-01,147.427
2023-06-01,160.409
2023-07-01,158.164
2023-08-01,189.619
2023-09-01,204.790
2023-10-01,207.824
2023-11-01,223.595
2023-12-01,230.929
2024-01-01,239.279
2024-02-01,243.099
2024-03-01,237.761
2024-04-01,238.733
2024-05-01,244.973
2024-06-01,242.266
2024-07-01,240.986
2024-08-01,219.958
2024-09-01,222.187
2024-10-01,229.740
2024-11-01,219.229
2024-12-01,208.285
2025-01-01,207.464
2025-02-01,200.649
2025-03-01,190.539
2025-04-01,193.221
2025-05-01,201.792
2025-06-01,213.258
2025-07-01,222.236
2025-08-01,218.148
2025-09-01,210.619
2025-10-01,216.939
2025-11-01,199.574
2025-12-01,182.909
2026-01-01,180.271
2026-02-01,181.963
2026-03-01,198.103
2026-04-01,212.083
2026-05-01,212.966
2026-06-01,212.991
2026-07-01,207.457
